401,http://54.194.40.92
401,http://27.3.31.30
401,http://172.122.52.2
401,http://218.214.116.104
401,http://37.199.146.195
401,http://2.179.8.215
401,http://66.214.208.150
401,http://220.133.96.22
401,http://58.106.130.184
401,http://70.16.217.97
401,http://210.93.182.23
401,http://81.26.161.76
401,http://72.11.56.133
401,http://163.171.146.27
401,http://89.236.119.186
401,http://220.133.228.8
401,http://75.28.110.54
401,http://88.198.103.210
401,http://71.218.183.164
401,http://76.164.155.17
401,http://92.36.237.102
401,http://66.6.170.66
401,http://133.130.92.72
401,http://210.61.204.194
401,http://31.24.91.94
401,http://177.242.134.230
401,http://196.20.65.49
401,http://45.243.86.15
401,http://66.90.101.69
401,http://199.27.103.6
401,http://201.190.234.87
401,http://220.134.167.12
401,http://170.80.100.141
401,http://36.234.158.178
