2023-07-11 08:01:16,http://168.188.154.236
2023-07-11 10:08:46,http://44.194.122.253
2023-07-11 13:49:02,http://39.116.100.254
2023-07-12 13:27:47,http://168.188.10.253
2023-07-13 06:25:30,http://34.228.101.6
2023-07-13 13:26:00,http://168.188.27.230
2023-07-13 17:51:31,http://54.173.167.228
2023-07-14 00:35:34,http://168.188.128.36
2023-07-14 01:35:39,http://168.188.27.106
2023-07-14 06:17:59,http://103.42.112.38
2023-07-14 06:33:06,http://34.255.253.18
2023-07-14 14:35:55,http://44.238.85.84
2023-07-15 01:48:31,http://18.228.95.238
2023-07-15 01:56:15,http://168.188.113.223
2023-07-15 11:36:40,http://152.99.36.73
2023-07-15 13:33:52,http://54.237.158.20
2023-07-15 19:26:40,http://113.6.251.10
2023-07-15 19:54:27,http://54.186.3.244
2023-07-16 00:40:30,http://34.228.101.6
2023-07-16 01:40:13,http://201.77.231.33
2023-07-16 12:16:42,http://220.68.142.219
2023-07-16 14:55:04,http://86.107.123.70
2023-07-16 16:40:09,http://34.251.227.216
2023-07-16 19:22:38,http://220.68.143.126
2023-07-17 01:01:12,http://54.224.170.137
2023-07-17 17:04:44,http://210.95.181.128
2023-07-17 20:10:46,http://42.62.89.173
2023-07-17 20:29:11,http://163.247.122.21
2023-07-18 20:27:31,http://44.208.143.113
2023-07-19 11:13:14,http://3.105.18.68
2023-07-19 11:15:03,http://168.188.173.248
2023-07-19 14:18:12,http://3.248.3.255
2023-07-19 21:45:26,http://1.180.60.3
2023-07-20 12:16:55,http://3.222.189.38
